"File","Line","Before","After","Pattern"
"src\components\admin\AdminSecurityPanel.tsx","185","<div className=""text-center py-8 text-red-600"">","<div className=""text-center py-8 text-destructive"">","text-red-600 -> text-destructive"
"src\components\admin\EnrollmentAnalyticsPanel.tsx","236","<div className=""text-3xl font-bold text-green-600"">{churchData.length}</div>","<div className=""text-3xl font-bold text-primary"">{churchData.length}</div>","text-green-600 -> text-primary"
"src\components\admin\FeedbackQuestionsManager.tsx","323","boolean: 'bg-green-100 text-green-800',","boolean: 'bg-primary/10 text-green-800',","bg-green-100 -> bg-primary/10"
"src\components\admin\FeedbackQuestionsManager.tsx","324","textarea: 'bg-gray-100 text-gray-800',","textarea: 'bg-muted text-gray-800',","bg-gray-100 -> bg-muted"
"src\components\admin\FeedbackQuestionsManager.tsx","324","textarea: 'bg-muted text-gray-800',","textarea: 'bg-muted text-foreground',","text-gray-800 -> text-foreground"
"src\components\admin\GuardrailViolationsPanel.tsx","191","<div className=""text-3xl font-bold text-green-600"">{summary.length}</div>","<div className=""text-3xl font-bold text-primary"">{summary.length}</div>","text-green-600 -> text-primary"
"src\components\admin\GuardrailViolationsPanel.tsx","198","<CheckCircle className=""h-12 w-12 mx-auto mb-3 text-green-500"" />","<CheckCircle className=""h-12 w-12 mx-auto mb-3 text-primary"" />","text-green-500 -> text-primary"
"src\components\admin\GuardrailViolationsPanel.tsx","268","<Badge variant=""secondary"" className=""bg-green-100 text-green-800"">","<Badge variant=""secondary"" className=""bg-primary/10 text-green-800"">","bg-green-100 -> bg-primary/10"
"src\components\admin\OrganizationManagement.tsx","322","return <Badge className=""bg-green-500"">Approved</Badge>;","return <Badge className=""bg-primary"">Approved</Badge>;","bg-green-500 -> bg-primary"
"src\components\admin\OrganizationManagement.tsx","542","className=""text-green-600""","className=""text-primary""","text-green-600 -> text-primary"
"src\components\admin\OrganizationManagement.tsx","550","className=""text-red-600""","className=""text-destructive""","text-red-600 -> text-destructive"
"src\components\admin\SystemAnalyticsDashboard.tsx","574","<TrendingUp className=""h-6 w-6 mx-auto mb-2 text-green-600"" />","<TrendingUp className=""h-6 w-6 mx-auto mb-2 text-primary"" />","text-green-600 -> text-primary"
"src\components\admin\SystemAnalyticsDashboard.tsx","667","<Badge variant=""secondary"" className=""bg-green-100 text-green-800"">","<Badge variant=""secondary"" className=""bg-primary/10 text-green-800"">","bg-green-100 -> bg-primary/10"
"src\components\admin\SystemAnalyticsDashboard.tsx","796","? 'text-red-600'","? 'text-destructive'","text-red-600 -> text-destructive"
"src\components\admin\SystemAnalyticsDashboard.tsx","799",": 'text-green-600'",": 'text-primary'","text-green-600 -> text-primary"
"src\components\admin\SystemAnalyticsDashboard.tsx","829","apiUsage.rateLimitHitsTotal > 0 ? 'text-red-600' : 'text-green-600'","apiUsage.rateLimitHitsTotal > 0 ? 'text-red-600' : 'text-primary'","text-green-600 -> text-primary"
"src\components\admin\SystemAnalyticsDashboard.tsx","829","apiUsage.rateLimitHitsTotal > 0 ? 'text-red-600' : 'text-primary'","apiUsage.rateLimitHitsTotal > 0 ? 'text-destructive' : 'text-primary'","text-red-600 -> text-destructive"
"src\components\admin\SystemAnalyticsDashboard.tsx","834","<p className=""text-[10px] text-red-600 mt-1"">","<p className=""text-[10px] text-destructive mt-1"">","text-red-600 -> text-destructive"
"src\components\admin\SystemAnalyticsDashboard.tsx","873","<CheckCircle className=""h-6 w-6 mx-auto mb-2 text-green-600"" />","<CheckCircle className=""h-6 w-6 mx-auto mb-2 text-primary"" />","text-green-600 -> text-primary"
"src\components\admin\SystemAnalyticsDashboard.tsx","987","<AlertOctagon className=""h-3 w-3 text-red-600"" title=""Rate limited"" />","<AlertOctagon className=""h-3 w-3 text-destructive"" title=""Rate limited"" />","text-red-600 -> text-destructive"
"src\components\analytics\BetaAnalyticsDashboard.tsx","523","const npsColor = nps >= 9 ? 'bg-green-100 text-green-800'","const npsColor = nps >= 9 ? 'bg-primary/10 text-green-800'","bg-green-100 -> bg-primary/10"
"src\components\analytics\BetaAnalyticsDashboard.tsx","529","'very-easy': 'bg-green-100 text-green-800',","'very-easy': 'bg-primary/10 text-green-800',","bg-green-100 -> bg-primary/10"
"src\components\analytics\BetaAnalyticsDashboard.tsx","538","'excellent': 'bg-green-100 text-green-800',","'excellent': 'bg-primary/10 text-green-800',","bg-green-100 -> bg-primary/10"
"src\components\analytics\BetaAnalyticsDashboard.tsx","602","<div className=""bg-green-50 border border-green-200 rounded-lg p-3 text-center"">","<div className=""bg-primary/5 border border-green-200 rounded-lg p-3 text-center"">","bg-green-50 -> bg-primary/5"
"src\components\analytics\BetaAnalyticsDashboard.tsx","602","<div className=""bg-primary/5 border border-green-200 rounded-lg p-3 text-center"">","<div className=""bg-primary/5 border border-primary/30 rounded-lg p-3 text-center"">","border-green-200 -> border-primary/30"
"src\components\analytics\BetaAnalyticsDashboard.tsx","603","<div className=""text-2xl font-bold text-green-700"">{trialStats.active_trials}</div>","<div className=""text-2xl font-bold text-primary"">{trialStats.active_trials}</div>","text-green-700 -> text-primary"
"src\components\analytics\BetaAnalyticsDashboard.tsx","604","<div className=""text-xs text-green-600"">{TRIAL_UI.activeTrialsLabel}</div>","<div className=""text-xs text-primary"">{TRIAL_UI.activeTrialsLabel}</div>","text-green-600 -> text-primary"
"src\components\analytics\BetaAnalyticsDashboard.tsx","610","<div className=""bg-slate-50 border border-slate-200 rounded-lg p-3 text-center"">","<div className=""bg-muted/50 border border-slate-200 rounded-lg p-3 text-center"">","bg-slate-50 -> bg-muted/50"
"src\components\analytics\BetaAnalyticsDashboard.tsx","610","<div className=""bg-muted/50 border border-slate-200 rounded-lg p-3 text-center"">","<div className=""bg-muted/50 border border-border rounded-lg p-3 text-center"">","border-slate-200 -> border-border"
"src\components\analytics\BetaAnalyticsDashboard.tsx","611","<div className=""text-2xl font-bold text-slate-700"">{trialStats.no_trial}</div>","<div className=""text-2xl font-bold text-foreground"">{trialStats.no_trial}</div>","text-slate-700 -> text-foreground"
"src\components\analytics\BetaAnalyticsDashboard.tsx","612","<div className=""text-xs text-slate-600"">{TRIAL_UI.noTrialLabel}</div>","<div className=""text-xs text-muted-foreground"">{TRIAL_UI.noTrialLabel}</div>","text-slate-600 -> text-muted-foreground"
"src\components\analytics\BetaAnalyticsDashboard.tsx","614","<div className=""bg-blue-50 border border-blue-200 rounded-lg p-3 text-center"">","<div className=""bg-blue-50 border border-accent/50 rounded-lg p-3 text-center"">","border-blue-200 -> border-accent/50"
"src\components\analytics\BetaAnalyticsDashboard.tsx","626","className=""bg-green-600 hover:bg-green-700""","className=""bg-green-600 hover:bg-primary""","bg-green-700 -> bg-primary"
"src\components\analytics\BetaAnalyticsDashboard.tsx","626","className=""bg-green-600 hover:bg-primary""","className=""bg-primary hover:bg-primary""","bg-green-600 -> bg-primary"
"src\components\analytics\BetaAnalyticsDashboard.tsx","945","<Gift className=""h-5 w-5 text-green-600"" />","<Gift className=""h-5 w-5 text-primary"" />","text-green-600 -> text-primary"
"src\components\analytics\BetaAnalyticsDashboard.tsx","994","<div className=""bg-slate-50 rounded-lg p-3 space-y-1"">","<div className=""bg-muted/50 rounded-lg p-3 space-y-1"">","bg-slate-50 -> bg-muted/50"
"src\components\analytics\BetaAnalyticsDashboard.tsx","1021","className=""bg-green-600 hover:bg-green-700""","className=""bg-green-600 hover:bg-primary""","bg-green-700 -> bg-primary"
"src\components\analytics\BetaAnalyticsDashboard.tsx","1021","className=""bg-green-600 hover:bg-primary""","className=""bg-primary hover:bg-primary""","bg-green-600 -> bg-primary"
"src\components\dashboard\BibleVersionSelector.tsx","103","<Card className=""border-2 border-green-200 bg-green-50/50"">","<Card className=""border-2 border-green-200 bg-primary/5/50"">","bg-green-50 -> bg-primary/5"
"src\components\dashboard\BibleVersionSelector.tsx","103","<Card className=""border-2 border-green-200 bg-primary/5/50"">","<Card className=""border-2 border-primary/30 bg-primary/5/50"">","border-green-200 -> border-primary/30"
"src\components\dashboard\BibleVersionSelector.tsx","106","<BookOpen className=""h-5 w-5 text-green-700"" />","<BookOpen className=""h-5 w-5 text-primary"" />","text-green-700 -> text-primary"
"src\components\dashboard\BibleVersionSelector.tsx","111","<CardDescription className=""text-xs text-green-700"">","<CardDescription className=""text-xs text-primary"">","text-green-700 -> text-primary"
"src\components\dashboard\BibleVersionSelector.tsx","119","className=""flex items-start space-x-3 rounded-md border border-green-200 bg-white p-3 hover:border-green-400 transition-colors""","className=""flex items-start space-x-3 rounded-md border border-green-200 bg-card p-3 hover:border-green-400 transition-colors""","bg-white -> bg-card"
"src\components\dashboard\BibleVersionSelector.tsx","119","className=""flex items-start space-x-3 rounded-md border border-green-200 bg-card p-3 hover:border-green-400 transition-colors""","className=""flex items-start space-x-3 rounded-md border border-green-200 bg-card p-3 hover:border-primary/70 transition-colors""","border-green-400 -> border-primary/70"
"src\components\dashboard\BibleVersionSelector.tsx","119","className=""flex items-start space-x-3 rounded-md border border-green-200 bg-card p-3 hover:border-primary/70 transition-colors""","className=""flex items-start space-x-3 rounded-md border border-primary/30 bg-card p-3 hover:border-primary/70 transition-colors""","border-green-200 -> border-primary/30"
"src\components\dashboard\BibleVersionSelector.tsx","139","<Card className=""border-2 border-blue-200 bg-blue-50/50"">","<Card className=""border-2 border-accent/50 bg-blue-50/50"">","border-blue-200 -> border-accent/50"
"src\components\dashboard\BibleVersionSelector.tsx","155","className=""flex items-start space-x-3 rounded-md border border-blue-200 bg-white p-3 hover:border-blue-400 transition-colors""","className=""flex items-start space-x-3 rounded-md border border-blue-200 bg-card p-3 hover:border-blue-400 transition-colors""","bg-white -> bg-card"
"src\components\dashboard\BibleVersionSelector.tsx","155","className=""flex items-start space-x-3 rounded-md border border-blue-200 bg-card p-3 hover:border-blue-400 transition-colors""","className=""flex items-start space-x-3 rounded-md border border-blue-200 bg-card p-3 hover:border-accent transition-colors""","border-blue-400 -> border-accent"
"src\components\dashboard\BibleVersionSelector.tsx","155","className=""flex items-start space-x-3 rounded-md border border-blue-200 bg-card p-3 hover:border-accent transition-colors""","className=""flex items-start space-x-3 rounded-md border border-accent/50 bg-card p-3 hover:border-accent transition-colors""","border-blue-200 -> border-accent/50"
"src\components\dashboard\BibleVersionSelector.tsx","199","<BookOpen className=""h-5 w-5 text-green-700"" />","<BookOpen className=""h-5 w-5 text-primary"" />","text-green-700 -> text-primary"
"src\components\dashboard\BibleVersionSelector.tsx","207","<div className=""bg-green-50 border border-green-200 rounded-md p-3"">","<div className=""bg-primary/5 border border-green-200 rounded-md p-3"">","bg-green-50 -> bg-primary/5"
"src\components\dashboard\BibleVersionSelector.tsx","207","<div className=""bg-primary/5 border border-green-200 rounded-md p-3"">","<div className=""bg-primary/5 border border-primary/30 rounded-md p-3"">","border-green-200 -> border-primary/30"
"src\components\dashboard\BibleVersionSelector.tsx","232","<div className=""bg-blue-50 border border-blue-200 rounded-md p-3"">","<div className=""bg-blue-50 border border-accent/50 rounded-md p-3"">","border-blue-200 -> border-accent/50"
"src\components\dashboard\DevotionalLibrary.tsx","63","children: ""bg-blue-100 text-blue-800 border-blue-200"",","children: ""bg-blue-100 text-blue-800 border-accent/50"",","border-blue-200 -> border-accent/50"
"src\components\dashboard\DevotionalLibrary.tsx","65","adult: ""bg-green-100 text-green-800 border-green-200"",","adult: ""bg-primary/10 text-green-800 border-green-200"",","bg-green-100 -> bg-primary/10"
"src\components\dashboard\DevotionalLibrary.tsx","65","adult: ""bg-primary/10 text-green-800 border-green-200"",","adult: ""bg-primary/10 text-green-800 border-primary/30"",","border-green-200 -> border-primary/30"
"src\components\dashboard\DevotionalLibrary.tsx","326","{copied ? <CheckCircle className=""h-4 w-4 mr-1.5 text-green-600"" /> : <Copy className=""h-4 w-4 mr-1.5"" />}","{copied ? <CheckCircle className=""h-4 w-4 mr-1.5 text-primary"" /> : <Copy className=""h-4 w-4 mr-1.5"" />}","text-green-600 -> text-primary"
"src\components\dashboard\EnhanceLessonForm.tsx","81","? ""bg-green-600 text-white border-green-700""","? ""bg-primary text-white border-green-700""","bg-green-600 -> bg-primary"
"src\components\dashboard\EnhanceLessonForm.tsx","81","? ""bg-primary text-white border-green-700""","? ""bg-primary text-white border-primary""","border-green-700 -> border-primary"
"src\components\dashboard\EnhanceLessonForm.tsx","155","<span className=""text-green-600 text-sm font-medium"">??? Done</span>","<span className=""text-primary text-sm font-medium"">??? Done</span>","text-green-600 -> text-primary"
"src\components\dashboard\EnhanceLessonForm.tsx","164","<CardTitle className=""text-lg text-slate-800"">{title}</CardTitle>","<CardTitle className=""text-lg text-foreground"">{title}</CardTitle>","text-slate-800 -> text-foreground"
"src\components\dashboard\EnhanceLessonForm.tsx","900","<h1 className=""text-2xl font-bold text-slate-800 flex flex-wrap items-center gap-x-2 gap-y-1"">","<h1 className=""text-2xl font-bold text-foreground flex flex-wrap items-center gap-x-2 gap-y-1"">","text-slate-800 -> text-foreground"
"src\components\dashboard\EnhanceLessonForm.tsx","904","<p className=""text-slate-600 mt-1"">","<p className=""text-muted-foreground mt-1"">","text-slate-600 -> text-muted-foreground"
"src\components\dashboard\EnhanceLessonForm.tsx","917","<h3 className=""font-semibold text-slate-800"">Welcome! Create your first lesson in 3 simple steps.</h3>","<h3 className=""font-semibold text-foreground"">Welcome! Create your first lesson in 3 simple steps.</h3>","text-slate-800 -> text-foreground"
"src\components\dashboard\EnhanceLessonForm.tsx","918","<p className=""text-sm text-slate-600 mt-1"">Estimated time: 3 minutes</p>","<p className=""text-sm text-muted-foreground mt-1"">Estimated time: 3 minutes</p>","text-slate-600 -> text-muted-foreground"
"src\components\dashboard\EnhanceLessonForm.tsx","1034","<div className=""text-sm text-green-600"">","<div className=""text-sm text-primary"">","text-green-600 -> text-primary"
"src\components\dashboard\EnhanceLessonForm.tsx","1055","<span className=""text-sm text-green-600"">","<span className=""text-sm text-primary"">","text-green-600 -> text-primary"
"src\components\dashboard\EnhanceLessonForm.tsx","1244","<span className=""ml-2 text-xs text-green-600"">??? Direct quotes</span>","<span className=""ml-2 text-xs text-primary"">??? Direct quotes</span>","text-green-600 -> text-primary"
"src\components\dashboard\EnhanceLessonForm.tsx","1336","<CardTitle className=""text-lg text-slate-800"">","<CardTitle className=""text-lg text-foreground"">","text-slate-800 -> text-foreground"
"src\components\dashboard\EnhanceLessonForm.tsx","1573","<span className=""text-sm font-medium text-slate-700"">Preview Mode:</span>","<span className=""text-sm font-medium text-foreground"">Preview Mode:</span>","text-slate-700 -> text-foreground"
"src\components\dashboard\EnhanceLessonForm.tsx","1582",": ""bg-white text-slate-600 hover:bg-primary/10""",": ""bg-card text-slate-600 hover:bg-primary/10""","bg-white -> bg-card"
"src\components\dashboard\EnhanceLessonForm.tsx","1582",": ""bg-card text-slate-600 hover:bg-primary/10""",": ""bg-card text-muted-foreground hover:bg-primary/10""","text-slate-600 -> text-muted-foreground"
"src\components\dashboard\EnhanceLessonForm.tsx","1592","? ""bg-amber-500 text-white""","? ""bg-secondary text-white""","bg-amber-500 -> bg-secondary"
"src\components\dashboard\EnhanceLessonForm.tsx","1593",": ""bg-white text-slate-600 hover:bg-amber-50""",": ""bg-card text-slate-600 hover:bg-amber-50""","bg-white -> bg-card"
"src\components\dashboard\EnhanceLessonForm.tsx","1593",": ""bg-card text-slate-600 hover:bg-amber-50""",": ""bg-card text-muted-foreground hover:bg-amber-50""","text-slate-600 -> text-muted-foreground"
"src\components\dashboard\EnhanceLessonForm.tsx","1626","<div className=""mb-3 p-2.5 bg-slate-100 border border-slate-300 rounded-lg opacity-60"">","<div className=""mb-3 p-2.5 bg-muted border border-slate-300 rounded-lg opacity-60"">","bg-slate-100 -> bg-muted"
"src\components\dashboard\EnhanceLessonForm.tsx","1626","<div className=""mb-3 p-2.5 bg-muted border border-slate-300 rounded-lg opacity-60"">","<div className=""mb-3 p-2.5 bg-muted border border-border rounded-lg opacity-60"">","border-slate-300 -> border-border"
"src\components\dashboard\EnhanceLessonForm.tsx","1628","<Lock className=""h-4 w-4 text-slate-500"" />","<Lock className=""h-4 w-4 text-muted-foreground"" />","text-slate-500 -> text-muted-foreground"
"src\components\dashboard\EnhanceLessonForm.tsx","1629","<span className=""text-sm font-medium text-slate-500"">","<span className=""text-sm font-medium text-muted-foreground"">","text-slate-500 -> text-muted-foreground"
"src\components\dashboard\EnhanceLessonForm.tsx","1670","<h3 className=""text-base font-bold text-slate-800 mb-2 flex items-center gap-2"">","<h3 className=""text-base font-bold text-foreground mb-2 flex items-center gap-2"">","text-slate-800 -> text-foreground"
"src\components\dashboard\EnhanceLessonForm.tsx","1676","<span className=""ml-2 text-xs bg-green-100 text-green-700 px-2 py-0.5 rounded-full"">","<span className=""ml-2 text-xs bg-primary/10 text-green-700 px-2 py-0.5 rounded-full"">","bg-green-100 -> bg-primary/10"
"src\components\dashboard\EnhanceLessonForm.tsx","1676","<span className=""ml-2 text-xs bg-primary/10 text-green-700 px-2 py-0.5 rounded-full"">","<span className=""ml-2 text-xs bg-primary/10 text-primary px-2 py-0.5 rounded-full"">","text-green-700 -> text-primary"
"src\components\dashboard\EnhanceLessonForm.tsx","1695","className=""bg-slate-50 border border-slate-200 p-4 rounded-lg""","className=""bg-muted/50 border border-slate-200 p-4 rounded-lg""","bg-slate-50 -> bg-muted/50"
"src\components\dashboard\EnhanceLessonForm.tsx","1695","className=""bg-muted/50 border border-slate-200 p-4 rounded-lg""","className=""bg-muted/50 border border-border p-4 rounded-lg""","border-slate-200 -> border-border"
"src\components\dashboard\EnhanceLessonForm.tsx","1697","<h3 className=""text-base font-medium text-slate-500 flex items-center gap-2 mb-2"">","<h3 className=""text-base font-medium text-muted-foreground flex items-center gap-2 mb-2"">","text-slate-500 -> text-muted-foreground"
"src\components\dashboard\EnhanceLessonForm.tsx","1698","<span className=""inline-flex items-center justify-center w-6 h-6 rounded-full bg-slate-400 text-white text-xs font-bold"">","<span className=""inline-flex items-center justify-center w-6 h-6 rounded-full bg-muted-foreground text-white text-xs font-bold"">","bg-slate-400 -> bg-muted-foreground"
"src\components\dashboard\EnhanceLessonForm.tsx","1701","<Lock className=""h-4 w-4 text-slate-400"" />","<Lock className=""h-4 w-4 text-muted-foreground"" />","text-slate-400 -> text-muted-foreground"
"src\components\dashboard\EnhanceLessonForm.tsx","1704","<p className=""text-sm text-slate-500 mb-2"">","<p className=""text-sm text-muted-foreground mb-2"">","text-slate-500 -> text-muted-foreground"
"src\components\dashboard\EnhanceLessonForm.tsx","1725","<h4 className=""font-semibold text-slate-800 mb-2"">","<h4 className=""font-semibold text-foreground mb-2"">","text-slate-800 -> text-foreground"
"src\components\dashboard\EnhanceLessonForm.tsx","1728","<p className=""text-sm text-slate-600 mb-4"">","<p className=""text-sm text-muted-foreground mb-4"">","text-slate-600 -> text-muted-foreground"
"src\components\dashboard\EnhanceLessonForm.tsx","1734","className=""bg-amber-500 hover:bg-amber-600 text-white"">","className=""bg-secondary hover:bg-amber-600 text-white"">","bg-amber-500 -> bg-secondary"
"src\components\dashboard\EnhanceLessonForm.tsx","1734","className=""bg-secondary hover:bg-amber-600 text-white"">","className=""bg-secondary hover:bg-secondary text-white"">","hover:bg-amber-600 -> hover:bg-secondary"
"src\components\dashboard\LessonLibrary.tsx","64","""elementary"": ""bg-blue-100 text-blue-800 border-blue-200"",","""elementary"": ""bg-blue-100 text-blue-800 border-accent/50"",","border-blue-200 -> border-accent/50"
"src\components\dashboard\LessonLibrary.tsx","69","""midlife"": ""bg-green-100 text-green-800 border-green-200"",","""midlife"": ""bg-primary/10 text-green-800 border-green-200"",","bg-green-100 -> bg-primary/10"
"src\components\dashboard\LessonLibrary.tsx","69","""midlife"": ""bg-primary/10 text-green-800 border-green-200"",","""midlife"": ""bg-primary/10 text-green-800 border-primary/30"",","border-green-200 -> border-primary/30"
"src\components\dashboard\LessonLibrary.tsx","72","""senior"": ""bg-red-100 text-red-800 border-red-200"",","""senior"": ""bg-red-100 text-red-800 border-destructive/30"",","border-red-200 -> border-destructive/30"
"src\components\dashboard\LessonLibrary.tsx","73","""mixed"": ""bg-gray-100 text-gray-800 border-gray-200"",","""mixed"": ""bg-muted text-gray-800 border-gray-200"",","bg-gray-100 -> bg-muted"
"src\components\dashboard\LessonLibrary.tsx","73","""mixed"": ""bg-muted text-gray-800 border-gray-200"",","""mixed"": ""bg-muted text-foreground border-gray-200"",","text-gray-800 -> text-foreground"
"src\components\dashboard\LessonLibrary.tsx","73","""mixed"": ""bg-muted text-foreground border-gray-200"",","""mixed"": ""bg-muted text-foreground border-border"",","border-gray-200 -> border-border"
"src\components\dashboard\LessonLibrary.tsx","81","""independent-baptist"": ""bg-blue-100 text-blue-800 border-blue-200"",","""independent-baptist"": ""bg-blue-100 text-blue-800 border-accent/50"",","border-blue-200 -> border-accent/50"
"src\components\dashboard\LessonLibrary.tsx","89","const DEFAULT_BADGE_COLOR = ""bg-gray-100 text-gray-800 border-gray-200"";","const DEFAULT_BADGE_COLOR = ""bg-muted text-gray-800 border-gray-200"";","bg-gray-100 -> bg-muted"
"src\components\dashboard\LessonLibrary.tsx","89","const DEFAULT_BADGE_COLOR = ""bg-muted text-gray-800 border-gray-200"";","const DEFAULT_BADGE_COLOR = ""bg-muted text-foreground border-gray-200"";","text-gray-800 -> text-foreground"
"src\components\dashboard\LessonLibrary.tsx","89","const DEFAULT_BADGE_COLOR = ""bg-muted text-foreground border-gray-200"";","const DEFAULT_BADGE_COLOR = ""bg-muted text-foreground border-border"";","border-gray-200 -> border-border"
"src\components\dashboard\TeacherCustomization.tsx","76","<span className=""inline-flex items-center justify-center px-4 py-1.5 rounded-full text-sm font-bold bg-sky-500 text-white shadow-md border-2 border-sky-600"">","<span className=""inline-flex items-center justify-center px-4 py-1.5 rounded-full text-sm font-bold bg-accent text-white shadow-md border-2 border-sky-600"">","bg-sky-500 -> bg-accent"
"src\components\dashboard\TeacherCustomization.tsx","76","<span className=""inline-flex items-center justify-center px-4 py-1.5 rounded-full text-sm font-bold bg-accent text-white shadow-md border-2 border-sky-600"">","<span className=""inline-flex items-center justify-center px-4 py-1.5 rounded-full text-sm font-bold bg-accent text-white shadow-md border-2 border-accent"">","border-sky-600 -> border-accent"
"src\components\dashboard\TeacherCustomization.tsx","317","<CardTitle className=""text-lg text-slate-800"">","<CardTitle className=""text-lg text-foreground"">","text-slate-800 -> text-foreground"
"src\components\dashboard\TeacherCustomization.tsx","323","<CardDescription className=""text-slate-500 text-xs mt-1"">","<CardDescription className=""text-muted-foreground text-xs mt-1"">","text-slate-500 -> text-muted-foreground"
"src\components\dashboard\TeacherCustomization.tsx","334","className=""flex items-center gap-1 text-sm text-sky-600 hover:text-sky-700 hover:underline""","className=""flex items-center gap-1 text-sm text-sky-600 hover:text-accent hover:underline""","text-sky-700 -> text-accent"
"src\components\dashboard\UsageDisplay.tsx","76","className={`h-2 ${usagePercentage >= 90 ? '[&>div]:bg-destructive' : usagePercentage >= 70 ? '[&>div]:bg-amber-500' : ''}`}","className={`h-2 ${usagePercentage >= 90 ? '[&>div]:bg-destructive' : usagePercentage >= 70 ? '[&>div]:bg-secondary' : ''}`}","bg-amber-500 -> bg-secondary"
"src\components\feedback\BetaFeedbackForm.tsx","241","<div className=""flex justify-between text-xs text-gray-500"">","<div className=""flex justify-between text-xs text-muted-foreground"">","text-gray-500 -> text-muted-foreground"
"src\components\feedback\BetaFeedbackForm.tsx","359","<h3 className=""text-lg font-semibold text-gray-900 mb-2"">","<h3 className=""text-lg font-semibold text-foreground mb-2"">","text-gray-900 -> text-foreground"
"src\components\feedback\BetaFeedbackForm.tsx","362","<p className=""text-gray-600 mb-4"">{loadError}</p>","<p className=""text-muted-foreground mb-4"">{loadError}</p>","text-gray-600 -> text-muted-foreground"
"src\components\feedback\BetaFeedbackForm.tsx","386","<CheckCircle className=""h-16 w-16 text-green-500 mb-4"" />","<CheckCircle className=""h-16 w-16 text-primary mb-4"" />","text-green-500 -> text-primary"
"src\components\feedback\BetaFeedbackForm.tsx","387","<h3 className=""text-xl font-semibold text-gray-900 mb-2"">","<h3 className=""text-xl font-semibold text-foreground mb-2"">","text-gray-900 -> text-foreground"
"src\components\feedback\BetaFeedbackForm.tsx","390","<p className=""text-gray-600 mb-6"">","<p className=""text-muted-foreground mb-6"">","text-gray-600 -> text-muted-foreground"
"src\components\help\VideoModal.tsx","66","<DialogHeader className=""px-6 py-4 border-b bg-slate-50"">","<DialogHeader className=""px-6 py-4 border-b bg-muted/50"">","bg-slate-50 -> bg-muted/50"
"src\components\help\VideoModal.tsx","73","<DialogTitle className=""text-lg font-semibold text-slate-900"">","<DialogTitle className=""text-lg font-semibold text-foreground"">","text-slate-900 -> text-foreground"
"src\components\help\VideoModal.tsx","76","<div className=""flex items-center gap-2 mt-1 text-sm text-slate-500"">","<div className=""flex items-center gap-2 mt-1 text-sm text-muted-foreground"">","text-slate-500 -> text-muted-foreground"
"src\components\help\VideoModal.tsx","95","<div className=""aspect-video bg-slate-900"">","<div className=""aspect-video bg-foreground"">","bg-slate-900 -> bg-foreground"
"src\components\help\VideoModal.tsx","106","<div className=""w-full h-full flex flex-col items-center justify-center text-slate-400"">","<div className=""w-full h-full flex flex-col items-center justify-center text-muted-foreground"">","text-slate-400 -> text-muted-foreground"
"src\components\help\VideoModal.tsx","109","<p className=""text-sm mt-2 text-slate-500 max-w-md text-center px-4"">","<p className=""text-sm mt-2 text-muted-foreground max-w-md text-center px-4"">","text-slate-500 -> text-muted-foreground"
"src\components\help\VideoModal.tsx","117","<div className=""px-6 py-4 border-t bg-slate-50 flex items-center justify-between"">","<div className=""px-6 py-4 border-t bg-muted/50 flex items-center justify-between"">","bg-slate-50 -> bg-muted/50"
"src\components\help\VideoModal.tsx","118","<p className=""text-sm text-slate-600"">","<p className=""text-sm text-muted-foreground"">","text-slate-600 -> text-muted-foreground"
"src\components\landing\PricingSection.tsx","138","<Check className=""h-5 w-5 text-green-500 flex-shrink-0"" />","<Check className=""h-5 w-5 text-primary flex-shrink-0"" />","text-green-500 -> text-primary"
"src\components\landing\PricingSection.tsx","142","<Check className=""h-5 w-5 text-green-500 flex-shrink-0"" />","<Check className=""h-5 w-5 text-primary flex-shrink-0"" />","text-green-500 -> text-primary"
"src\components\landing\PricingSection.tsx","147","<Check className=""h-5 w-5 text-green-500 flex-shrink-0"" />","<Check className=""h-5 w-5 text-primary flex-shrink-0"" />","text-green-500 -> text-primary"
"src\components\landing\PricingSection.tsx","173","<Badge className=""bg-amber-500 text-white px-4 py-1.5 rounded-b-lg text-xs sm:text-sm font-semibold shadow-md"">","<Badge className=""bg-secondary text-white px-4 py-1.5 rounded-b-lg text-xs sm:text-sm font-semibold shadow-md"">","bg-amber-500 -> bg-secondary"
"src\components\landing\PricingSection.tsx","192","<p className=""text-sm text-green-600 font-medium mb-4"">","<p className=""text-sm text-primary font-medium mb-4"">","text-green-600 -> text-primary"
"src\components\landing\PricingSection.tsx","200","<li className=""flex items-center gap-3 text-sm font-medium text-sky-700"">","<li className=""flex items-center gap-3 text-sm font-medium text-accent"">","text-sky-700 -> text-accent"
"src\components\landing\PricingSection.tsx","204","<li className=""flex items-center gap-3 text-sm font-medium text-sky-700"">","<li className=""flex items-center gap-3 text-sm font-medium text-accent"">","text-sky-700 -> text-accent"
"src\components\landing\PricingSection.tsx","210","<Check className=""h-5 w-5 text-green-500 flex-shrink-0"" />","<Check className=""h-5 w-5 text-primary flex-shrink-0"" />","text-green-500 -> text-primary"
"src\components\landing\PricingSection.tsx","215","<li key={section} className=""flex items-center gap-3 text-sm font-medium text-sky-700"">","<li key={section} className=""flex items-center gap-3 text-sm font-medium text-accent"">","text-sky-700 -> text-accent"
"src\components\landing\PricingSection.tsx","249","Yes! You can <a href=""/account"" className=""text-sky-600 hover:text-sky-700 underline"">cancel</a> your subscription at any time. You will continue to have access until the end of your billing period.","Yes! You can <a href=""/account"" className=""text-sky-600 hover:text-accent underline"">cancel</a> your subscription at any time. You will continue to have access until the end of your billing period.","text-sky-700 -> text-accent"
"src\components\notifications\NotificationsDropdown.tsx","77","<div className=""absolute right-0 mt-2 w-80 rounded-xl border bg-white dark:bg-gray-900 shadow-lg z-[70]"">","<div className=""absolute right-0 mt-2 w-80 rounded-xl border bg-card dark:bg-gray-900 shadow-lg z-[70]"">","bg-white -> bg-card"
"src\components\org\OrgAnalyticsPanel.tsx","115","{ label: 'Total Lessons', value: stats.totalLessons, icon: BookOpen, color: 'text-green-500' },","{ label: 'Total Lessons', value: stats.totalLessons, icon: BookOpen, color: 'text-primary' },","text-green-500 -> text-primary"
"src\components\org\OrgAnalyticsPanel.tsx","138","<Badge className=""bg-amber-500 hover:bg-amber-600 mt-1"">Active</Badge>","<Badge className=""bg-secondary hover:bg-amber-600 mt-1"">Active</Badge>","bg-amber-500 -> bg-secondary"
"src\components\org\OrgAnalyticsPanel.tsx","138","<Badge className=""bg-secondary hover:bg-amber-600 mt-1"">Active</Badge>","<Badge className=""bg-secondary hover:bg-secondary mt-1"">Active</Badge>","hover:bg-amber-600 -> hover:bg-secondary"
"src\components\org\OrgMemberManagement.tsx","480","className=""text-red-600""","className=""text-destructive""","text-red-600 -> text-destructive"
"src\components\org\OrgMemberManagement.tsx","501","className=""text-red-600""","className=""text-destructive""","text-red-600 -> text-destructive"
"src\components\org\OrgMemberManagement.tsx","557","className=""text-red-600""","className=""text-destructive""","text-red-600 -> text-destructive"
"src\components\subscription\SubscriptionManagement.tsx","58","return <Badge className=""bg-green-500"">Active</Badge>;","return <Badge className=""bg-primary"">Active</Badge>;","bg-green-500 -> bg-primary"
"src\components\subscription\SubscriptionManagement.tsx","64","return <Badge className=""bg-gray-500"">Canceled</Badge>;","return <Badge className=""bg-muted-foreground"">Canceled</Badge>;","bg-gray-500 -> bg-muted-foreground"
"src\components\subscription\SubscriptionManagement.tsx","66","return <Badge className=""bg-gray-500"">{status || 'Free'}</Badge>;","return <Badge className=""bg-muted-foreground"">{status || 'Free'}</Badge>;","bg-gray-500 -> bg-muted-foreground"
"src\components\subscription\SubscriptionManagement.tsx","109","<div className=""mt-2 h-2 bg-gray-200 rounded-full overflow-hidden"">","<div className=""mt-2 h-2 bg-muted rounded-full overflow-hidden"">","bg-gray-200 -> bg-muted"
"src\components\subscription\SubscriptionManagement.tsx","111","className=""h-full bg-sky-500 transition-all""","className=""h-full bg-accent transition-all""","bg-sky-500 -> bg-accent"
"src\components\subscription\UpgradePromptModal.tsx","103","<p className=""text-sm text-slate-700"">","<p className=""text-sm text-foreground"">","text-slate-700 -> text-foreground"
"src\components\subscription\UpgradePromptModal.tsx","106","<p className=""text-sm text-slate-600 mt-2"">","<p className=""text-sm text-muted-foreground mt-2"">","text-slate-600 -> text-muted-foreground"
"src\components\subscription\UpgradePromptModal.tsx","136","<span className=""text-red-600 font-medium"">","<span className=""text-destructive font-medium"">","text-red-600 -> text-destructive"
"src\components\subscription\UpgradePromptModal.tsx","146","<div className=""border rounded-lg p-4 bg-gray-50"">","<div className=""border rounded-lg p-4 bg-muted/50"">","bg-gray-50 -> bg-muted/50"
"src\components\subscription\UpgradePromptModal.tsx","150","<p className=""text-sm text-gray-500"">Your current plan</p>","<p className=""text-sm text-muted-foreground"">Your current plan</p>","text-gray-500 -> text-muted-foreground"
"src\components\subscription\UpgradePromptModal.tsx","154","<Check className=""h-4 w-4 text-green-600"" />","<Check className=""h-4 w-4 text-primary"" />","text-green-600 -> text-primary"
"src\components\subscription\UpgradePromptModal.tsx","158","<Check className=""h-4 w-4 text-green-600"" />","<Check className=""h-4 w-4 text-primary"" />","text-green-600 -> text-primary"
"src\components\subscription\UpgradePromptModal.tsx","162","<li key={section} className=""flex items-center gap-2 text-gray-600"">","<li key={section} className=""flex items-center gap-2 text-muted-foreground"">","text-gray-600 -> text-muted-foreground"
"src\components\subscription\UpgradePromptModal.tsx","163","<Check className=""h-4 w-4 text-green-600"" />","<Check className=""h-4 w-4 text-primary"" />","text-green-600 -> text-primary"
"src\components\subscription\UpgradePromptModal.tsx","168","<li key={section} className=""flex items-center gap-2 text-gray-400"">","<li key={section} className=""flex items-center gap-2 text-muted-foreground"">","text-gray-400 -> text-muted-foreground"
"src\components\subscription\UpgradePromptModal.tsx","173","<li className=""text-gray-400 text-xs ml-6"">","<li className=""text-muted-foreground text-xs ml-6"">","text-gray-400 -> text-muted-foreground"
"src\components\subscription\UpgradePromptModal.tsx","180","<Badge className=""absolute -top-2 -right-2 bg-amber-500"">","<Badge className=""absolute -top-2 -right-2 bg-secondary"">","bg-amber-500 -> bg-secondary"
"src\components\subscription\UpgradePromptModal.tsx","189","<span className=""text-sm text-gray-500"">/month</span>","<span className=""text-sm text-muted-foreground"">/month</span>","text-gray-500 -> text-muted-foreground"
"src\components\subscription\UpgradePromptModal.tsx","192","<p className=""text-xs text-green-600 font-medium"">","<p className=""text-xs text-primary font-medium"">","text-green-600 -> text-primary"
"src\components\subscription\UpgradePromptModal.tsx","198","<li className=""flex items-center gap-2 font-medium text-sky-700"">","<li className=""flex items-center gap-2 font-medium text-accent"">","text-sky-700 -> text-accent"
"src\components\subscription\UpgradePromptModal.tsx","202","<li className=""flex items-center gap-2 font-medium text-sky-700"">","<li className=""flex items-center gap-2 font-medium text-accent"">","text-sky-700 -> text-accent"
"src\components\subscription\UpgradePromptModal.tsx","208","<Check className=""h-4 w-4 text-green-600"" />","<Check className=""h-4 w-4 text-primary"" />","text-green-600 -> text-primary"
"src\components\subscription\UpgradePromptModal.tsx","213","<li key={section} className=""flex items-center gap-2 text-sky-700 font-medium"">","<li key={section} className=""flex items-center gap-2 text-accent font-medium"">","text-sky-700 -> text-accent"
"src\components\subscription\UpgradePromptModal.tsx","228","? 'bg-sky-100 text-sky-700'","? 'bg-accent/10 text-sky-700'","bg-sky-100 -> bg-accent/10"
"src\components\subscription\UpgradePromptModal.tsx","228","? 'bg-accent/10 text-sky-700'","? 'bg-accent/10 text-accent'","text-sky-700 -> text-accent"
"src\components\subscription\UpgradePromptModal.tsx","229",": 'text-gray-600 hover:text-gray-900'",": 'text-gray-600 hover:text-foreground'","text-gray-900 -> text-foreground"
"src\components\subscription\UpgradePromptModal.tsx","229",": 'text-gray-600 hover:text-foreground'",": 'text-muted-foreground hover:text-foreground'","text-gray-600 -> text-muted-foreground"
"src\components\subscription\UpgradePromptModal.tsx","238","? 'bg-sky-100 text-sky-700'","? 'bg-accent/10 text-sky-700'","bg-sky-100 -> bg-accent/10"
"src\components\subscription\UpgradePromptModal.tsx","238","? 'bg-accent/10 text-sky-700'","? 'bg-accent/10 text-accent'","text-sky-700 -> text-accent"
"src\components\subscription\UpgradePromptModal.tsx","239",": 'text-gray-600 hover:text-gray-900'",": 'text-gray-600 hover:text-foreground'","text-gray-900 -> text-foreground"
"src\components\subscription\UpgradePromptModal.tsx","239",": 'text-gray-600 hover:text-foreground'",": 'text-muted-foreground hover:text-foreground'","text-gray-600 -> text-muted-foreground"
"src\components\subscription\UpgradePromptModal.tsx","244","<span className=""ml-1 text-xs text-green-600"">Save {annualSavingsDisplay}</span>","<span className=""ml-1 text-xs text-primary"">Save {annualSavingsDisplay}</span>","text-green-600 -> text-primary"
"src\components\subscription\UpgradePromptModal.tsx","273","<p className=""text-xs text-center text-gray-500 mt-2"">","<p className=""text-xs text-center text-muted-foreground mt-2"">","text-gray-500 -> text-muted-foreground"
"src\components\subscription\UsageDisplay.tsx","35","<div className=""animate-pulse bg-gray-100 rounded-lg p-4"">","<div className=""animate-pulse bg-muted rounded-lg p-4"">","bg-gray-100 -> bg-muted"
"src\components\subscription\UsageDisplay.tsx","36","<div className=""h-4 bg-gray-200 rounded w-1/2 mb-2""></div>","<div className=""h-4 bg-muted rounded w-1/2 mb-2""></div>","bg-gray-200 -> bg-muted"
"src\components\subscription\UsageDisplay.tsx","37","<div className=""h-2 bg-gray-200 rounded w-full""></div>","<div className=""h-2 bg-muted rounded w-full""></div>","bg-gray-200 -> bg-muted"
"src\components\subscription\UsageDisplay.tsx","61","className={isFreeTier ? ""bg-gray-100"" : ""bg-sky-100 text-sky-700""}","className={isFreeTier ? ""bg-muted"" : ""bg-sky-100 text-sky-700""}","bg-gray-100 -> bg-muted"
"src\components\subscription\UsageDisplay.tsx","61","className={isFreeTier ? ""bg-muted"" : ""bg-sky-100 text-sky-700""}","className={isFreeTier ? ""bg-muted"" : ""bg-accent/10 text-sky-700""}","bg-sky-100 -> bg-accent/10"
"src\components\subscription\UsageDisplay.tsx","61","className={isFreeTier ? ""bg-muted"" : ""bg-accent/10 text-sky-700""}","className={isFreeTier ? ""bg-muted"" : ""bg-accent/10 text-accent""}","text-sky-700 -> text-accent"
"src\components\subscription\UsageDisplay.tsx","65","<span className={`text-sm ${isAtLimit ? 'text-red-600 font-medium' : 'text-gray-600'}`}>","<span className={`text-sm ${isAtLimit ? 'text-red-600 font-medium' : 'text-muted-foreground'}`}>","text-gray-600 -> text-muted-foreground"
"src\components\subscription\UsageDisplay.tsx","65","<span className={`text-sm ${isAtLimit ? 'text-red-600 font-medium' : 'text-muted-foreground'}`}>","<span className={`text-sm ${isAtLimit ? 'text-destructive font-medium' : 'text-muted-foreground'}`}>","text-red-600 -> text-destructive"
"src\components\subscription\UsageDisplay.tsx","73","className=""text-sky-600 hover:text-sky-700 p-1 h-auto""","className=""text-sky-600 hover:text-accent p-1 h-auto""","text-sky-700 -> text-accent"
"src\components\subscription\UsageDisplay.tsx","84","isAtLimit ? 'border-red-200 bg-red-50' :","isAtLimit ? 'border-destructive/30 bg-red-50' :","border-red-200 -> border-destructive/30"
"src\components\subscription\UsageDisplay.tsx","86","'border-gray-200 bg-white'","'border-gray-200 bg-card'","bg-white -> bg-card"
"src\components\subscription\UsageDisplay.tsx","86","'border-gray-200 bg-card'","'border-border bg-card'","border-gray-200 -> border-border"
"src\components\subscription\UsageDisplay.tsx","92","className={isFreeTier ? ""bg-gray-100"" : ""bg-sky-100 text-sky-700""}","className={isFreeTier ? ""bg-muted"" : ""bg-sky-100 text-sky-700""}","bg-gray-100 -> bg-muted"
"src\components\subscription\UsageDisplay.tsx","92","className={isFreeTier ? ""bg-muted"" : ""bg-sky-100 text-sky-700""}","className={isFreeTier ? ""bg-muted"" : ""bg-accent/10 text-sky-700""}","bg-sky-100 -> bg-accent/10"
"src\components\subscription\UsageDisplay.tsx","92","className={isFreeTier ? ""bg-muted"" : ""bg-accent/10 text-sky-700""}","className={isFreeTier ? ""bg-muted"" : ""bg-accent/10 text-accent""}","text-sky-700 -> text-accent"
"src\components\subscription\UsageDisplay.tsx","97","<Badge variant=""outline"" className=""text-green-600 border-green-200"">","<Badge variant=""outline"" className=""text-primary border-green-200"">","text-green-600 -> text-primary"
"src\components\subscription\UsageDisplay.tsx","97","<Badge variant=""outline"" className=""text-primary border-green-200"">","<Badge variant=""outline"" className=""text-primary border-primary/30"">","border-green-200 -> border-primary/30"
"src\components\subscription\UsageDisplay.tsx","108","className=""text-sky-600 hover:text-sky-700""","className=""text-sky-600 hover:text-accent""","text-sky-700 -> text-accent"
"src\components\subscription\UsageDisplay.tsx","118","<span className={isAtLimit ? 'text-red-700 font-medium' : 'text-gray-600'}>","<span className={isAtLimit ? 'text-red-700 font-medium' : 'text-muted-foreground'}>","text-gray-600 -> text-muted-foreground"
"src\components\subscription\UsageDisplay.tsx","118","<span className={isAtLimit ? 'text-red-700 font-medium' : 'text-muted-foreground'}>","<span className={isAtLimit ? 'text-destructive font-medium' : 'text-muted-foreground'}>","text-red-700 -> text-destructive"
"src\components\subscription\UsageDisplay.tsx","121","<span className=""text-gray-500"">","<span className=""text-muted-foreground"">","text-gray-500 -> text-muted-foreground"
"src\components\subscription\UsageDisplay.tsx","129","isNearLimit ? '[&>div]:bg-amber-500' :","isNearLimit ? '[&>div]:bg-secondary' :","bg-amber-500 -> bg-secondary"
"src\components\subscription\UsageDisplay.tsx","130","'[&>div]:bg-sky-500'","'[&>div]:bg-accent'","bg-sky-500 -> bg-accent"
"src\components\subscription\UsageDisplay.tsx","135","<div className=""flex items-center gap-1 mt-2 text-xs text-gray-500"">","<div className=""flex items-center gap-1 mt-2 text-xs text-muted-foreground"">","text-gray-500 -> text-muted-foreground"
"src\components\subscription\UsageDisplay.tsx","141","<div className=""mt-3 p-3 bg-white rounded-md border border-red-200"">","<div className=""mt-3 p-3 bg-card rounded-md border border-red-200"">","bg-white -> bg-card"
"src\components\subscription\UsageDisplay.tsx","141","<div className=""mt-3 p-3 bg-card rounded-md border border-red-200"">","<div className=""mt-3 p-3 bg-card rounded-md border border-destructive/30"">","border-red-200 -> border-destructive/30"
"src\components\subscription\UsageDisplay.tsx","145","<p className=""text-red-700 font-medium"">","<p className=""text-destructive font-medium"">","text-red-700 -> text-destructive"
"src\components\subscription\UsageDisplay.tsx","148","<p className=""text-gray-600 mt-1"">","<p className=""text-muted-foreground mt-1"">","text-gray-600 -> text-muted-foreground"
"src\components\subscription\UsageDisplay.tsx","178","<p className=""text-xs text-sky-700"">","<p className=""text-xs text-accent"">","text-sky-700 -> text-accent"
"src\components\workspace\WorkspaceSettingsPanel.tsx","424","<span className=""text-xs text-green-600"">{version.usageHint}</span>","<span className=""text-xs text-primary"">{version.usageHint}</span>","text-green-600 -> text-primary"
"src\components\DevotionalGenerator.tsx","561","<CheckCircle className=""h-4 w-4 mr-1.5 text-green-600"" />","<CheckCircle className=""h-4 w-4 mr-1.5 text-primary"" />","text-green-600 -> text-primary"
"src\components\MaintenanceWrapper.tsx","25","<div className=""min-h-screen flex items-center justify-center bg-gray-50"">","<div className=""min-h-screen flex items-center justify-center bg-muted/50"">","bg-gray-50 -> bg-muted/50"
"src\components\MaintenanceWrapper.tsx","28","<h1 className=""text-2xl font-bold text-gray-900 mb-4"">","<h1 className=""text-2xl font-bold text-foreground mb-4"">","text-gray-900 -> text-foreground"
"src\components\MaintenanceWrapper.tsx","31","<p className=""text-gray-600 mb-6"">","<p className=""text-muted-foreground mb-6"">","text-gray-600 -> text-muted-foreground"
"src\components\MaintenanceWrapper.tsx","34","<p className=""text-sm text-gray-500"">","<p className=""text-sm text-muted-foreground"">","text-gray-500 -> text-muted-foreground"
"src\components\ParableGenerator.tsx","588","<span className=""block mt-1 text-xs font-medium text-green-600"">","<span className=""block mt-1 text-xs font-medium text-primary"">","text-green-600 -> text-primary"
"src\components\ParableGenerator.tsx","615","<div className=""p-4 bg-blue-50 dark:bg-blue-950/30 border border-blue-200 dark:border-blue-800 rounded-lg"">","<div className=""p-4 bg-blue-50 dark:bg-blue-950/30 border border-accent/50 dark:border-blue-800 rounded-lg"">","border-blue-200 -> border-accent/50"
"src\config\branding.ts","396","legalPageCard: ""max-w-4xl mx-auto bg-white rounded-lg shadow-lg p-4 sm:p-6 lg:p-8"",","legalPageCard: ""max-w-4xl mx-auto bg-card rounded-lg shadow-lg p-4 sm:p-6 lg:p-8"",","bg-white -> bg-card"
"src\config\branding.ts","560","subtitleColor: 'text-green-700',","subtitleColor: 'text-primary',","text-green-700 -> text-primary"
"src\config\branding.ts","561","buttonBackgroundColor: 'bg-green-700',","buttonBackgroundColor: 'bg-primary',","bg-green-700 -> bg-primary"
"src\config\branding.ts","565","backgroundColor: 'bg-green-700',","backgroundColor: 'bg-primary',","bg-green-700 -> bg-primary"
"src\constants\feedbackConfig.ts","88","questionClass: 'text-sm font-medium text-gray-700',","questionClass: 'text-sm font-medium text-foreground',","text-gray-700 -> text-foreground"
"src\constants\feedbackConfig.ts","89","descriptionClass: 'text-xs text-gray-500 mt-1',","descriptionClass: 'text-xs text-muted-foreground mt-1',","text-gray-500 -> text-muted-foreground"
"src\constants\feedbackConfig.ts","94","npsUnselectedClass: 'bg-white text-gray-600 border-gray-300 hover:border-primary',","npsUnselectedClass: 'bg-card text-gray-600 border-gray-300 hover:border-primary',","bg-white -> bg-card"
"src\constants\feedbackConfig.ts","94","npsUnselectedClass: 'bg-card text-gray-600 border-gray-300 hover:border-primary',","npsUnselectedClass: 'bg-card text-muted-foreground border-gray-300 hover:border-primary',","text-gray-600 -> text-muted-foreground"
"src\constants\feedbackConfig.ts","94","npsUnselectedClass: 'bg-card text-muted-foreground border-gray-300 hover:border-primary',","npsUnselectedClass: 'bg-card text-muted-foreground border-border hover:border-primary',","border-gray-300 -> border-border"
"src\constants\formConfig.ts","17","autocompleteDropdown: ""absolute z-50 mt-1 max-h-48 w-full overflow-auto rounded-md border bg-white shadow-lg"",","autocompleteDropdown: ""absolute z-50 mt-1 max-h-48 w-full overflow-auto rounded-md border bg-card shadow-lg"",","bg-white -> bg-card"
"src\constants\formConfig.ts","18","autocompleteItem: ""cursor-pointer px-3 py-2 hover:bg-gray-100"",","autocompleteItem: ""cursor-pointer px-3 py-2 hover:bg-muted"",","bg-gray-100 -> bg-muted"
"src\constants\metricsViewerConfig.ts","68","if (ms >= TIMEOUT_THRESHOLDS.critical) return 'text-red-600 font-semibold';","if (ms >= TIMEOUT_THRESHOLDS.critical) return 'text-destructive font-semibold';","text-red-600 -> text-destructive"
"src\constants\metricsViewerConfig.ts","70","return 'text-green-600';","return 'text-primary';","text-green-600 -> text-primary"
"src\constants\metricsViewerConfig.ts","117","{ key: 'completed', label: 'Completed', icon: 'CheckCircle', colorClass: 'text-green-600' },","{ key: 'completed', label: 'Completed', icon: 'CheckCircle', colorClass: 'text-primary' },","text-green-600 -> text-primary"
"src\constants\metricsViewerConfig.ts","128","{ key: 'costToday', label: 'Est. Cost Today', icon: 'DollarSign', colorClass: 'text-green-600' },","{ key: 'costToday', label: 'Est. Cost Today', icon: 'DollarSign', colorClass: 'text-primary' },","text-green-600 -> text-primary"
"src\constants\metricsViewerConfig.ts","129","{ key: 'rateLimits', label: 'Rate Limit Hits', icon: 'AlertOctagon', colorClass: 'text-red-600' },","{ key: 'rateLimits', label: 'Rate Limit Hits', icon: 'AlertOctagon', colorClass: 'text-destructive' },","text-red-600 -> text-destructive"
"src\constants\metricsViewerConfig.ts","139","tablet: 'bg-green-500',","tablet: 'bg-primary',","bg-green-500 -> bg-primary"
"src\constants\metricsViewerConfig.ts","140","mobile: 'bg-amber-500',","mobile: 'bg-secondary',","bg-amber-500 -> bg-secondary"
"src\constants\securityConfig.ts","189","case 'critical': return 'text-red-600 bg-red-50';","case 'critical': return 'text-destructive bg-red-50';","text-red-600 -> text-destructive"
"src\constants\securityConfig.ts","191","default: return 'text-gray-600 bg-gray-50';","default: return 'text-gray-600 bg-muted/50';","bg-gray-50 -> bg-muted/50"
"src\constants\securityConfig.ts","191","default: return 'text-gray-600 bg-muted/50';","default: return 'text-muted-foreground bg-muted/50';","text-gray-600 -> text-muted-foreground"
"src\pages\AdminBetaMetrics.tsx","101","<p className=""text-gray-600"">Loading...</p>","<p className=""text-muted-foreground"">Loading...</p>","text-gray-600 -> text-muted-foreground"
"src\pages\AdminBetaMetrics.tsx","119","<p className=""text-gray-600 mt-2"">BibleLessonSpark Beta Program Dashboard</p>","<p className=""text-muted-foreground mt-2"">BibleLessonSpark Beta Program Dashboard</p>","text-gray-600 -> text-muted-foreground"
"src\pages\AdminBetaMetrics.tsx","131","<p className=""text-xs text-gray-600 mt-1"">{activeTesters} active</p>","<p className=""text-xs text-muted-foreground mt-1"">{activeTesters} active</p>","text-gray-600 -> text-muted-foreground"
"src\pages\AdminBetaMetrics.tsx","138","<TrendingUp className=""h-4 w-4 text-green-600"" />","<TrendingUp className=""h-4 w-4 text-primary"" />","text-green-600 -> text-primary"
"src\pages\AdminBetaMetrics.tsx","142","<p className=""text-xs text-gray-600 mt-1"">","<p className=""text-xs text-muted-foreground mt-1"">","text-gray-600 -> text-muted-foreground"
"src\pages\AdminBetaMetrics.tsx","155","<p className=""text-xs text-gray-600 mt-1"">out of 5 stars</p>","<p className=""text-xs text-muted-foreground mt-1"">out of 5 stars</p>","text-gray-600 -> text-muted-foreground"
"src\pages\AdminBetaMetrics.tsx","166","<p className=""text-xs text-gray-600 mt-1"">{followupCount} want follow-up</p>","<p className=""text-xs text-muted-foreground mt-1"">{followupCount} want follow-up</p>","text-gray-600 -> text-muted-foreground"
"src\pages\AdminBetaMetrics.tsx","207","? ""bg-green-100 text-green-800""","? ""bg-primary/10 text-green-800""","bg-green-100 -> bg-primary/10"
"src\pages\AdminBetaMetrics.tsx","210",": ""bg-gray-100 text-gray-800""",": ""bg-muted text-gray-800""","bg-gray-100 -> bg-muted"
"src\pages\AdminBetaMetrics.tsx","210",": ""bg-muted text-gray-800""",": ""bg-muted text-foreground""","text-gray-800 -> text-foreground"
"src\pages\AdminBetaMetrics.tsx","246",": ""text-gray-300""",": ""text-muted-foreground/70""","text-gray-300 -> text-muted-foreground/70"
"src\pages\AdminBetaMetrics.tsx","257",": ""bg-gray-100 text-gray-800""",": ""bg-muted text-gray-800""","bg-gray-100 -> bg-muted"
"src\pages\AdminBetaMetrics.tsx","257",": ""bg-muted text-gray-800""",": ""bg-muted text-foreground""","text-gray-800 -> text-foreground"
"src\pages\AdminBetaMetrics.tsx","263","<span className=""text-xs text-gray-500"">","<span className=""text-xs text-muted-foreground"">","text-gray-500 -> text-muted-foreground"
"src\pages\AdminBetaMetrics.tsx","267","<p className=""text-gray-700"">{item.feedback_text}</p>","<p className=""text-foreground"">{item.feedback_text}</p>","text-gray-700 -> text-foreground"
"src\pages\AdminBetaMetrics.tsx","269","<p className=""text-xs text-green-600 mt-2"">? Open to follow-up</p>","<p className=""text-xs text-primary mt-2"">? Open to follow-up</p>","text-green-600 -> text-primary"
"src\pages\AdminBetaMetrics.tsx","274","<p className=""text-gray-500 text-center py-4"">No feedback received yet</p>","<p className=""text-muted-foreground text-center py-4"">No feedback received yet</p>","text-gray-500 -> text-muted-foreground"
"src\pages\BetaSignup.tsx","265","className=""w-full bg-blue-600 hover:bg-blue-700""","className=""w-full bg-blue-600 hover:bg-accent""","bg-blue-700 -> bg-accent"
"src\pages\BetaSignup.tsx","265","className=""w-full bg-blue-600 hover:bg-accent""","className=""w-full bg-accent hover:bg-accent""","bg-blue-600 -> bg-accent"
"src\pages\BetaSignup.tsx","272","<div className=""mt-6 text-center text-sm text-gray-600"">","<div className=""mt-6 text-center text-sm text-muted-foreground"">","text-gray-600 -> text-muted-foreground"
"src\pages\Dashboard.tsx","289","<div className=""mb-6 bg-blue-50 border border-blue-200 rounded-lg p-4"">","<div className=""mb-6 bg-blue-50 border border-accent/50 rounded-lg p-4"">","border-blue-200 -> border-accent/50"
"src\pages\Dashboard.tsx","304","className=""bg-blue-600 hover:bg-blue-700 text-white""","className=""bg-blue-600 hover:bg-accent text-white""","bg-blue-700 -> bg-accent"
"src\pages\Dashboard.tsx","304","className=""bg-blue-600 hover:bg-accent text-white""","className=""bg-accent hover:bg-accent text-white""","bg-blue-600 -> bg-accent"
"src\pages\Dashboard.tsx","369","className=""fixed bottom-4 left-4 h-12 w-12 rounded-full bg-blue-600 hover:bg-blue-700 text-white shadow-lg z-40""","className=""fixed bottom-4 left-4 h-12 w-12 rounded-full bg-blue-600 hover:bg-accent text-white shadow-lg z-40""","bg-blue-700 -> bg-accent"
"src\pages\Dashboard.tsx","369","className=""fixed bottom-4 left-4 h-12 w-12 rounded-full bg-blue-600 hover:bg-accent text-white shadow-lg z-40""","className=""fixed bottom-4 left-4 h-12 w-12 rounded-full bg-accent hover:bg-accent text-white shadow-lg z-40""","bg-blue-600 -> bg-accent"
"src\pages\Docs.tsx","223","<div className=""h-10 w-10 rounded-lg bg-green-100 flex items-center justify-center"">","<div className=""h-10 w-10 rounded-lg bg-primary/10 flex items-center justify-center"">","bg-green-100 -> bg-primary/10"
"src\pages\Docs.tsx","224","<Sparkles className=""h-5 w-5 text-green-600"" />","<Sparkles className=""h-5 w-5 text-primary"" />","text-green-600 -> text-primary"
"src\pages\Docs.tsx","392","<Shield className=""h-5 w-5 text-red-600"" />","<Shield className=""h-5 w-5 text-destructive"" />","text-red-600 -> text-destructive"
"src\pages\Docs.tsx","435","<CheckCircle className=""h-4 w-4 text-green-500"" />","<CheckCircle className=""h-4 w-4 text-primary"" />","text-green-500 -> text-primary"
"src\pages\Docs.tsx","439","<CheckCircle className=""h-4 w-4 text-green-500"" />","<CheckCircle className=""h-4 w-4 text-primary"" />","text-green-500 -> text-primary"
"src\pages\Docs.tsx","443","<CheckCircle className=""h-4 w-4 text-green-500"" />","<CheckCircle className=""h-4 w-4 text-primary"" />","text-green-500 -> text-primary"
"src\pages\Docs.tsx","456","<CheckCircle className=""h-4 w-4 text-green-500"" />","<CheckCircle className=""h-4 w-4 text-primary"" />","text-green-500 -> text-primary"
"src\pages\Docs.tsx","460","<CheckCircle className=""h-4 w-4 text-green-500"" />","<CheckCircle className=""h-4 w-4 text-primary"" />","text-green-500 -> text-primary"
"src\pages\Docs.tsx","464","<CheckCircle className=""h-4 w-4 text-green-500"" />","<CheckCircle className=""h-4 w-4 text-primary"" />","text-green-500 -> text-primary"
"src\pages\NotFound.tsx","12","<div className=""flex min-h-screen items-center justify-center bg-gray-100"">","<div className=""flex min-h-screen items-center justify-center bg-muted"">","bg-gray-100 -> bg-muted"
"src\pages\NotFound.tsx","15","<p className=""mb-4 text-xl text-gray-600"">Oops! Page not found</p>","<p className=""mb-4 text-xl text-muted-foreground"">Oops! Page not found</p>","text-gray-600 -> text-muted-foreground"
"src\pages\Parables.tsx","79","<Card className=""mb-6 border-blue-200 dark:border-blue-800 bg-gradient-to-br from-blue-50 to-indigo-50 dark:from-blue-950/30 dark:to-indigo-950/30"">","<Card className=""mb-6 border-accent/50 dark:border-blue-800 bg-gradient-to-br from-blue-50 to-indigo-50 dark:from-blue-950/30 dark:to-indigo-950/30"">","border-blue-200 -> border-accent/50"
"src\pages\PrivacyPolicy.tsx","22","<h1 className=""text-2xl sm:text-3xl font-bold text-gray-900 mb-4 sm:mb-6"">Privacy Policy</h1>","<h1 className=""text-2xl sm:text-3xl font-bold text-foreground mb-4 sm:mb-6"">Privacy Policy</h1>","text-gray-900 -> text-foreground"
"src\pages\PrivacyPolicy.tsx","23","<p className=""text-sm text-gray-600 mb-8"">Last Updated: November 25, 2025</p>","<p className=""text-sm text-muted-foreground mb-8"">Last Updated: November 25, 2025</p>","text-gray-600 -> text-muted-foreground"
"src\pages\PrivacyPolicy.tsx","27","<h2 className=""text-xl sm:text-2xl font-semibold text-gray-900 mb-3"">Introduction</h2>","<h2 className=""text-xl sm:text-2xl font-semibold text-foreground mb-3"">Introduction</h2>","text-gray-900 -> text-foreground"
"src\pages\PrivacyPolicy.tsx","28","<p className=""text-gray-700"">","<p className=""text-foreground"">","text-gray-700 -> text-foreground"
"src\pages\PrivacyPolicy.tsx","36","<h2 className=""text-xl sm:text-2xl font-semibold text-gray-900 mb-3"">Information We Collect</h2>","<h2 className=""text-xl sm:text-2xl font-semibold text-foreground mb-3"">Information We Collect</h2>","text-gray-900 -> text-foreground"
"src\pages\PrivacyPolicy.tsx","38","<h3 className=""text-lg sm:text-xl font-semibold text-gray-800 mb-2"">Account Information</h3>","<h3 className=""text-lg sm:text-xl font-semibold text-foreground mb-2"">Account Information</h3>","text-gray-800 -> text-foreground"
"src\pages\PrivacyPolicy.tsx","39","<ul className=""list-disc pl-6 text-gray-700 space-y-1"">","<ul className=""list-disc pl-6 text-foreground space-y-1"">","text-gray-700 -> text-foreground"
"src\pages\PrivacyPolicy.tsx","45","<h3 className=""text-lg sm:text-xl font-semibold text-gray-800 mb-2 mt-4"">Generated Content</h3>","<h3 className=""text-lg sm:text-xl font-semibold text-foreground mb-2 mt-4"">Generated Content</h3>","text-gray-800 -> text-foreground"
"src\pages\PrivacyPolicy.tsx","46","<ul className=""list-disc pl-6 text-gray-700 space-y-1"">","<ul className=""list-disc pl-6 text-foreground space-y-1"">","text-gray-700 -> text-foreground"
"src\pages\PrivacyPolicy.tsx","52","<h3 className=""text-lg sm:text-xl font-semibold text-gray-800 mb-2 mt-4"">Usage Information</h3>","<h3 className=""text-lg sm:text-xl font-semibold text-foreground mb-2 mt-4"">Usage Information</h3>","text-gray-800 -> text-foreground"
"src\pages\PrivacyPolicy.tsx","53","<ul className=""list-disc pl-6 text-gray-700 space-y-1"">","<ul className=""list-disc pl-6 text-foreground space-y-1"">","text-gray-700 -> text-foreground"
"src\pages\PrivacyPolicy.tsx","61","<h2 className=""text-xl sm:text-2xl font-semibold text-gray-900 mb-3"">How We Use Your Information</h2>","<h2 className=""text-xl sm:text-2xl font-semibold text-foreground mb-3"">How We Use Your Information</h2>","text-gray-900 -> text-foreground"
"src\pages\PrivacyPolicy.tsx","62","<ul className=""list-disc pl-6 text-gray-700 space-y-2"">","<ul className=""list-disc pl-6 text-foreground space-y-2"">","text-gray-700 -> text-foreground"
"src\pages\PrivacyPolicy.tsx","72","<h2 className=""text-xl sm:text-2xl font-semibold text-gray-900 mb-3"">Data Storage and Security</h2>","<h2 className=""text-xl sm:text-2xl font-semibold text-foreground mb-3"">Data Storage and Security</h2>","text-gray-900 -> text-foreground"
"src\pages\PrivacyPolicy.tsx","73","<p className=""text-gray-700 mb-3"">","<p className=""text-foreground mb-3"">","text-gray-700 -> text-foreground"
"src\pages\PrivacyPolicy.tsx","76","<ul className=""list-disc pl-6 text-gray-700 space-y-1"">","<ul className=""list-disc pl-6 text-foreground space-y-1"">","text-gray-700 -> text-foreground"
"src\pages\PrivacyPolicy.tsx","85","<h2 className=""text-xl sm:text-2xl font-semibold text-gray-900 mb-3"">Third-Party Services</h2>","<h2 className=""text-xl sm:text-2xl font-semibold text-foreground mb-3"">Third-Party Services</h2>","text-gray-900 -> text-foreground"
"src\pages\PrivacyPolicy.tsx","86","<p className=""text-gray-700 mb-2"">We use the following third-party services:</p>","<p className=""text-foreground mb-2"">We use the following third-party services:</p>","text-gray-700 -> text-foreground"
"src\pages\PrivacyPolicy.tsx","87","<ul className=""list-disc pl-6 text-gray-700 space-y-2"">","<ul className=""list-disc pl-6 text-foreground space-y-2"">","text-gray-700 -> text-foreground"
"src\pages\PrivacyPolicy.tsx","92","<p className=""text-gray-700 mt-3"">","<p className=""text-foreground mt-3"">","text-gray-700 -> text-foreground"
"src\pages\PrivacyPolicy.tsx","99","<h2 className=""text-xl sm:text-2xl font-semibold text-gray-900 mb-3"">Your Rights</h2>","<h2 className=""text-xl sm:text-2xl font-semibold text-foreground mb-3"">Your Rights</h2>","text-gray-900 -> text-foreground"
"src\pages\PrivacyPolicy.tsx","100","<p className=""text-gray-700 mb-2"">You have the right to:</p>","<p className=""text-foreground mb-2"">You have the right to:</p>","text-gray-700 -> text-foreground"
"src\pages\PrivacyPolicy.tsx","101","<ul className=""list-disc pl-6 text-gray-700 space-y-2"">","<ul className=""list-disc pl-6 text-foreground space-y-2"">","text-gray-700 -> text-foreground"
"src\pages\PrivacyPolicy.tsx","111","<h2 className=""text-xl sm:text-2xl font-semibold text-gray-900 mb-3"">Data Retention</h2>","<h2 className=""text-xl sm:text-2xl font-semibold text-foreground mb-3"">Data Retention</h2>","text-gray-900 -> text-foreground"
"src\pages\PrivacyPolicy.tsx","112","<p className=""text-gray-700"">","<p className=""text-foreground"">","text-gray-700 -> text-foreground"
"src\pages\PrivacyPolicy.tsx","120","<h2 className=""text-xl sm:text-2xl font-semibold text-gray-900 mb-3"">Children's Privacy</h2>","<h2 className=""text-xl sm:text-2xl font-semibold text-foreground mb-3"">Children's Privacy</h2>","text-gray-900 -> text-foreground"
"src\pages\PrivacyPolicy.tsx","121","<p className=""text-gray-700"">","<p className=""text-foreground"">","text-gray-700 -> text-foreground"
"src\pages\PrivacyPolicy.tsx","129","<h2 className=""text-xl sm:text-2xl font-semibold text-gray-900 mb-3"">Changes to This Policy</h2>","<h2 className=""text-xl sm:text-2xl font-semibold text-foreground mb-3"">Changes to This Policy</h2>","text-gray-900 -> text-foreground"
"src\pages\PrivacyPolicy.tsx","130","<p className=""text-gray-700"">","<p className=""text-foreground"">","text-gray-700 -> text-foreground"
"src\pages\PrivacyPolicy.tsx","138","<h2 className=""text-xl sm:text-2xl font-semibold text-gray-900 mb-3"">Contact Us</h2>","<h2 className=""text-xl sm:text-2xl font-semibold text-foreground mb-3"">Contact Us</h2>","text-gray-900 -> text-foreground"
"src\pages\PrivacyPolicy.tsx","139","<p className=""text-gray-700"">","<p className=""text-foreground"">","text-gray-700 -> text-foreground"
"src\pages\PrivacyPolicy.tsx","143","<p className=""text-gray-700 mt-2"">","<p className=""text-foreground mt-2"">","text-gray-700 -> text-foreground"
"src\pages\Settings.tsx","84","<h1 className=""text-3xl font-bold text-gray-900 mb-6"">Account Settings</h1>","<h1 className=""text-3xl font-bold text-foreground mb-6"">Account Settings</h1>","text-gray-900 -> text-foreground"
"src\pages\Settings.tsx","86","<Card className=""border-red-200"">","<Card className=""border-destructive/30"">","border-red-200 -> border-destructive/30"
"src\pages\Settings.tsx","88","<CardTitle className=""text-red-600 flex items-center gap-2"">","<CardTitle className=""text-destructive flex items-center gap-2"">","text-red-600 -> text-destructive"
"src\pages\Settings.tsx","97","<div className=""bg-red-50 border border-red-200 rounded-lg p-4 mb-4"">","<div className=""bg-red-50 border border-destructive/30 rounded-lg p-4 mb-4"">","border-red-200 -> border-destructive/30"
"src\pages\Settings.tsx","99","<ul className=""list-disc list-inside text-red-700 space-y-1"">","<ul className=""list-disc list-inside text-destructive space-y-1"">","text-red-700 -> text-destructive"
"src\pages\TermsOfService.tsx","22","<h1 className=""text-2xl sm:text-3xl font-bold text-gray-900 mb-4 sm:mb-6"">Terms of Service</h1>","<h1 className=""text-2xl sm:text-3xl font-bold text-foreground mb-4 sm:mb-6"">Terms of Service</h1>","text-gray-900 -> text-foreground"
"src\pages\TermsOfService.tsx","23","<p className=""text-sm text-gray-600 mb-8"">Last Updated: November 25, 2025</p>","<p className=""text-sm text-muted-foreground mb-8"">Last Updated: November 25, 2025</p>","text-gray-600 -> text-muted-foreground"
"src\pages\TermsOfService.tsx","27","<h2 className=""text-xl sm:text-2xl font-semibold text-gray-900 mb-3"">Acceptance of Terms</h2>","<h2 className=""text-xl sm:text-2xl font-semibold text-foreground mb-3"">Acceptance of Terms</h2>","text-gray-900 -> text-foreground"
"src\pages\TermsOfService.tsx","28","<p className=""text-gray-700"">","<p className=""text-foreground"">","text-gray-700 -> text-foreground"
"src\pages\TermsOfService.tsx","36","<h2 className=""text-xl sm:text-2xl font-semibold text-gray-900 mb-3"">Description of Service</h2>","<h2 className=""text-xl sm:text-2xl font-semibold text-foreground mb-3"">Description of Service</h2>","text-gray-900 -> text-foreground"
"src\pages\TermsOfService.tsx","37","<p className=""text-gray-700"">","<p className=""text-foreground"">","text-gray-700 -> text-foreground"
"src\pages\TermsOfService.tsx","45","<h2 className=""text-xl sm:text-2xl font-semibold text-gray-900 mb-3"">User Accounts</h2>","<h2 className=""text-xl sm:text-2xl font-semibold text-foreground mb-3"">User Accounts</h2>","text-gray-900 -> text-foreground"
"src\pages\TermsOfService.tsx","47","<h3 className=""text-lg sm:text-xl font-semibold text-gray-800 mb-2"">Account Creation</h3>","<h3 className=""text-lg sm:text-xl font-semibold text-foreground mb-2"">Account Creation</h3>","text-gray-800 -> text-foreground"
"src\pages\TermsOfService.tsx","48","<ul className=""list-disc pl-6 text-gray-700 space-y-1"">","<ul className=""list-disc pl-6 text-foreground space-y-1"">","text-gray-700 -> text-foreground"
"src\pages\TermsOfService.tsx","55","<h3 className=""text-lg sm:text-xl font-semibold text-gray-800 mb-2 mt-4"">Account Termination</h3>","<h3 className=""text-lg sm:text-xl font-semibold text-foreground mb-2 mt-4"">Account Termination</h3>","text-gray-800 -> text-foreground"
"src\pages\TermsOfService.tsx","56","<p className=""text-gray-700"">","<p className=""text-foreground"">","text-gray-700 -> text-foreground"
"src\pages\TermsOfService.tsx","63","<h2 className=""text-xl sm:text-2xl font-semibold text-gray-900 mb-3"">Acceptable Use</h2>","<h2 className=""text-xl sm:text-2xl font-semibold text-foreground mb-3"">Acceptable Use</h2>","text-gray-900 -> text-foreground"
"src\pages\TermsOfService.tsx","65","<h3 className=""text-lg sm:text-xl font-semibold text-gray-800 mb-2"">You May:</h3>","<h3 className=""text-lg sm:text-xl font-semibold text-foreground mb-2"">You May:</h3>","text-gray-800 -> text-foreground"
"src\pages\TermsOfService.tsx","66","<ul className=""list-disc pl-6 text-gray-700 space-y-1"">","<ul className=""list-disc pl-6 text-foreground space-y-1"">","text-gray-700 -> text-foreground"
"src\pages\TermsOfService.tsx","73","<h3 className=""text-lg sm:text-xl font-semibold text-gray-800 mb-2 mt-4"">You May Not:</h3>","<h3 className=""text-lg sm:text-xl font-semibold text-foreground mb-2 mt-4"">You May Not:</h3>","text-gray-800 -> text-foreground"
"src\pages\TermsOfService.tsx","74","<ul className=""list-disc pl-6 text-gray-700 space-y-1"">","<ul className=""list-disc pl-6 text-foreground space-y-1"">","text-gray-700 -> text-foreground"
"src\pages\TermsOfService.tsx","85","<h2 className=""text-xl sm:text-2xl font-semibold text-gray-900 mb-3"">Content Ownership and License</h2>","<h2 className=""text-xl sm:text-2xl font-semibold text-foreground mb-3"">Content Ownership and License</h2>","text-gray-900 -> text-foreground"
"src\pages\TermsOfService.tsx","87","<h3 className=""text-lg sm:text-xl font-semibold text-gray-800 mb-2"">Your Content</h3>","<h3 className=""text-lg sm:text-xl font-semibold text-foreground mb-2"">Your Content</h3>","text-gray-800 -> text-foreground"
"src\pages\TermsOfService.tsx","88","<p className=""text-gray-700"">","<p className=""text-foreground"">","text-gray-700 -> text-foreground"
"src\pages\TermsOfService.tsx","93","<h3 className=""text-lg sm:text-xl font-semibold text-gray-800 mb-2 mt-4"">Platform Content</h3>","<h3 className=""text-lg sm:text-xl font-semibold text-foreground mb-2 mt-4"">Platform Content</h3>","text-gray-800 -> text-foreground"
"src\pages\TermsOfService.tsx","94","<p className=""text-gray-700"">","<p className=""text-foreground"">","text-gray-700 -> text-foreground"
"src\pages\TermsOfService.tsx","99","<h3 className=""text-lg sm:text-xl font-semibold text-gray-800 mb-2 mt-4"">License to Use Generated Content</h3>","<h3 className=""text-lg sm:text-xl font-semibold text-foreground mb-2 mt-4"">License to Use Generated Content</h3>","text-gray-800 -> text-foreground"
"src\pages\TermsOfService.tsx","100","<p className=""text-gray-700"">","<p className=""text-foreground"">","text-gray-700 -> text-foreground"
"src\pages\TermsOfService.tsx","108","<h2 className=""text-xl sm:text-2xl font-semibold text-gray-900 mb-3"">Content Disclaimer</h2>","<h2 className=""text-xl sm:text-2xl font-semibold text-foreground mb-3"">Content Disclaimer</h2>","text-gray-900 -> text-foreground"
"src\pages\TermsOfService.tsx","109","<p className=""text-gray-700 mb-3"">","<p className=""text-foreground mb-3"">","text-gray-700 -> text-foreground"
"src\pages\TermsOfService.tsx","113","<ul className=""list-disc pl-6 text-gray-700 space-y-1"">","<ul className=""list-disc pl-6 text-foreground space-y-1"">","text-gray-700 -> text-foreground"
"src\pages\TermsOfService.tsx","122","<h2 className=""text-xl sm:text-2xl font-semibold text-gray-900 mb-3"">Usage Limits</h2>","<h2 className=""text-xl sm:text-2xl font-semibold text-foreground mb-3"">Usage Limits</h2>","text-gray-900 -> text-foreground"
"src\pages\TermsOfService.tsx","123","<p className=""text-gray-700"">","<p className=""text-foreground"">","text-gray-700 -> text-foreground"
"src\pages\TermsOfService.tsx","126","<ul className=""list-disc pl-6 text-gray-700 space-y-1"">","<ul className=""list-disc pl-6 text-foreground space-y-1"">","text-gray-700 -> text-foreground"
"src\pages\TermsOfService.tsx","130","<p className=""text-gray-700 mt-2"">","<p className=""text-foreground mt-2"">","text-gray-700 -> text-foreground"
"src\pages\TermsOfService.tsx","136","<h2 className=""text-xl sm:text-2xl font-semibold text-gray-900 mb-3"">Limitation of Liability</h2>","<h2 className=""text-xl sm:text-2xl font-semibold text-foreground mb-3"">Limitation of Liability</h2>","text-gray-900 -> text-foreground"
"src\pages\TermsOfService.tsx","137","<p className=""text-gray-700"">","<p className=""text-foreground"">","text-gray-700 -> text-foreground"
"src\pages\TermsOfService.tsx","146","<h2 className=""text-xl sm:text-2xl font-semibold text-gray-900 mb-3"">Disclaimer of Warranties</h2>","<h2 className=""text-xl sm:text-2xl font-semibold text-foreground mb-3"">Disclaimer of Warranties</h2>","text-gray-900 -> text-foreground"
"src\pages\TermsOfService.tsx","147","<p className=""text-gray-700"">","<p className=""text-foreground"">","text-gray-700 -> text-foreground"
"src\pages\TermsOfService.tsx","155","<h2 className=""text-xl sm:text-2xl font-semibold text-gray-900 mb-3"">Indemnification</h2>","<h2 className=""text-xl sm:text-2xl font-semibold text-foreground mb-3"">Indemnification</h2>","text-gray-900 -> text-foreground"
"src\pages\TermsOfService.tsx","156","<p className=""text-gray-700"">","<p className=""text-foreground"">","text-gray-700 -> text-foreground"
"src\pages\TermsOfService.tsx","164","<h2 className=""text-xl sm:text-2xl font-semibold text-gray-900 mb-3"">Modifications to Service</h2>","<h2 className=""text-xl sm:text-2xl font-semibold text-foreground mb-3"">Modifications to Service</h2>","text-gray-900 -> text-foreground"
"src\pages\TermsOfService.tsx","165","<p className=""text-gray-700"">","<p className=""text-foreground"">","text-gray-700 -> text-foreground"
"src\pages\TermsOfService.tsx","173","<h2 className=""text-xl sm:text-2xl font-semibold text-gray-900 mb-3"">Changes to Terms</h2>","<h2 className=""text-xl sm:text-2xl font-semibold text-foreground mb-3"">Changes to Terms</h2>","text-gray-900 -> text-foreground"
"src\pages\TermsOfService.tsx","174","<p className=""text-gray-700"">","<p className=""text-foreground"">","text-gray-700 -> text-foreground"
"src\pages\TermsOfService.tsx","182","<h2 className=""text-xl sm:text-2xl font-semibold text-gray-900 mb-3"">Governing Law</h2>","<h2 className=""text-xl sm:text-2xl font-semibold text-foreground mb-3"">Governing Law</h2>","text-gray-900 -> text-foreground"
"src\pages\TermsOfService.tsx","183","<p className=""text-gray-700"">","<p className=""text-foreground"">","text-gray-700 -> text-foreground"
"src\pages\TermsOfService.tsx","190","<h2 className=""text-xl sm:text-2xl font-semibold text-gray-900 mb-3"">Contact Information</h2>","<h2 className=""text-xl sm:text-2xl font-semibold text-foreground mb-3"">Contact Information</h2>","text-gray-900 -> text-foreground"
"src\pages\TermsOfService.tsx","191","<p className=""text-gray-700"">","<p className=""text-foreground"">","text-gray-700 -> text-foreground"
"src\pages\TermsOfService.tsx","194","<p className=""text-gray-700 mt-2"">","<p className=""text-foreground mt-2"">","text-gray-700 -> text-foreground"
"src\index.css","213","@apply backdrop-blur-sm bg-white/80 border border-white/20;","@apply backdrop-blur-sm bg-card/80 border border-white/20;","bg-white/80 -> bg-card/80"
